{
  "max_depth": 7,
  "learning_rate": 0.02833671038819289,
  "n_estimators": 3404,
  "subsample": 0.9782067817249258,
  "colsample_bytree": 0.5175225727882943,
  "min_child_weight": 30.219136894444645,
  "gamma": 0.0005790687055861341,
  "reg_lambda": 5.61461226053362
}