{
  "train": {
    "rmse": 14926.212489482266,
    "mae": 11259.569147123877,
    "r2": 0.9933586229920125
  },
  "val": {
    "rmse": 25994.289954405842,
    "mae": 18487.519570051914,
    "r2": 0.9799856399036729
  }
}